,post_id,comment_id,comment_text,subreddit,creation_datetime,comment_karma
0,119d36d,j9ligem,"**Bot message:** 

Help make this a better community by clicking the ""report"" link on any comment made by any [anti-vaxxers.] (https://old.reddit.com/r/health/about/rules/) Thanks!


*I am a bot, and this action was performed automatically. Please [contact the moderators of this subreddit](/message/compose/?to=/r/Health) if you have any questions or concerns.*",Health,2023-02-22 21:05:24,1
1,119d36d,j9ns9zz,The bill is one page long and specifies any mRNA vaccine.,Health,2023-02-23 08:02:46,79
2,119d36d,j9orwfq,"A thousand years ago Baghdad was the scientific center of the world. Then a religious fanatic came to power and deemed science was the work of the devil. It never really recovered from that and has been a follower not an innovator since then. The same thing could easily happen in the US. Japan, Germany, and the Nordic countries could easily surpass us because weâ€™re allowing the anti-intellectuals to take over our country.",Health,2023-02-23 14:36:23,106
3,119d36d,j9muhoz,"I have a friend in Idaho that, in order to stay alive, needs mRNA treatment for a condition that attacks his organs (canâ€™t remember what it is right now).

Fuck these idiots. They are so god damn dumb.

EDIT: It says clearly in the article that the goal is to ban ALL mRNA treatments. If you're gonna troll and call people stupid, you should at least read the article. I know you're literate because you keep on reading this comment...",Health,2023-02-23 02:34:45,535
4,119d36d,j9m39p2,Maybe it would be better for Idaho if they criminalize the Polio vaccine also.,Health,2023-02-22 23:17:36,130
5,119d36d,j9obumq,Politicians should leave medicine to the professionals.,Health,2023-02-23 12:21:06,10
6,119d36d,j9mzgp6,"Republicans are so fucking afraid of everything and 
 people actually making choices on their own. Fuck these nazis wanting to control everyone's body and mind. 

Biggest threat to our country is not China nor Russia...but that party.",Health,2023-02-23 03:12:16,211
7,119d36d,j9obtjz,"Republicans are such fucking clowns.  Dunces to the core, not to mention downright shitty. awful people.  I utterly detest them.",Health,2023-02-23 12:20:47,9
8,119d36d,j9myn46,"Back to those beautiful days when religious fanatics burned people for witchcraft for the knowledge that herbs could ease menstrual cramps, WCGW living in a theocracy",Health,2023-02-23 03:05:57,46
9,119d36d,j9o8u3y,"Understanding how freedom works is really challenging, especially for republicans.

My simple idiots guide to freedom for the GOPâ€¦if you donâ€™t like drag shows donâ€™t go to a drag show, if you donâ€™t like books donâ€™t read them, if you donâ€™t like mRNA vaccines donâ€™t get one!!  Itâ€™s just that simple!!",Health,2023-02-23 11:47:47,7
10,119d36d,j9mzx0j,What the fuck is up with this country.,Health,2023-02-23 03:15:49,57
11,119d36d,j9oh7pj,'Merica:  Where legislators know more about health care than the professionals who actually work in health care. /s,Health,2023-02-23 13:12:19,5
12,119d36d,j9oxtqo,"Looks like every insulin-dependent diabetic is gonna die.

Or pay 10x the price to have insulin brought in from elsewhere.

You vote republican, you get what you deserve.

If you didn't vote republican and are stuck, I'm really sorry. Try to escape while you [can](https://www.telegraph.co.uk/travel/destinations/north-america/united-states/articles/us-election-2016-liberal-cities-in-republican-states/).",Health,2023-02-23 15:19:18,7
13,119d36d,j9n6yjd,The bill hasn't left committee and the chances of it doing so are slim to none. This is another example of extremist nutcases doing things to pander to their base knowing they'll get lots of attention and press with no consequences because the bill will go nowhere.,Health,2023-02-23 04:13:00,15
14,119d36d,j9lvmay,Can I secede from America just me my house and yard. I'm fine if they cut off the water and electricity and I have to get a work visa and cross a check point at the boarder. I just don't want to be apart of this political lunacy anymore.,Health,2023-02-22 22:27:12,75
15,119d36d,j9m0lvt,Pretty sure they canâ€™t right?,Health,2023-02-22 22:59:51,24
16,119d36d,j9n5rcl,"What happened to medical freedom? That is what people who didn't want the vaccine said, that they should have freedom to make their own medical choices, why doesn't that work both ways? Don't want a covid vaccine, don't get one - want a covid vaccine/booster, get one.",Health,2023-02-23 04:02:53,38
17,119d36d,j9o8iui,Republican policies are the number one cause of death for Americans. Its intentional.,Health,2023-02-23 11:44:08,6
18,119d36d,j9oeh24,This is going to really gut the research in their state. Why would any biology student or researcher go there when their research can just be banned at any moment?,Health,2023-02-23 12:46:59,5
19,119d36d,j9osw7j,"â€œmRNA turned me into a newt!â€
â€œYou donâ€™t look like a newt.â€
â€œI got better.â€",Health,2023-02-23 14:44:58,5
20,119d36d,j9p0o6e,"This is why I consider conservatism a religion. This is no different from any religion vs science fight.

They have no scientific basis for their opinion on mRNA vaccines and treatments. They are arrogantly ignorant and would rather people die than get these treatments.",Health,2023-02-23 15:38:12,5
21,119d36d,j9p4dly,Maybe Iâ€™m just paranoid but I feel like all of us legislation they float about restricting medical treatment also prevents us collectively from asking for single payer healthcare. The fact that they think they have a right to make uninformed decisions for all of us definitely scares rational people off.,Health,2023-02-23 16:02:00,5
22,119d36d,j9nyvrx,Can we just wall off the red states already and let the MTGs of the country rot?,Health,2023-02-23 09:35:00,5
23,119d36d,j9o1uqb,"Idaho is lovely to look at. But, outside of Boise, it gets MAGA Gomerville real quick. Some nice folks here and there, like everywhere. But, lots of openly hostile folks, and openly bigoted. Factor in the religionist Cult angle, and a fear of intellect, and you have Dumbfuckistan. 


Apologies to my people who try to make Idaho friendlier, and stop the bigots.",Health,2023-02-23 10:17:23,5
24,119d36d,j9oeb1v,"I wish someone would ask these people how this represents ""freedom.""",Health,2023-02-23 12:45:23,4
25,119d36d,j9oqegl,"C'mon Idaho, mRNA technology has only been around for 63 years.  Please try and stay current . . .",Health,2023-02-23 14:25:35,4
26,119d36d,j9oriqp,This includes mRNA technology in mammals as well. Bye bye biomedical research.,Health,2023-02-23 14:33:39,5
27,119d36d,j9osres,Why don't they just go all in and criminalize anyone providing any kind of healthcare.,Health,2023-02-23 14:43:56,4
28,119d36d,j9ostz6,When the Idahoans find out that RNA was in us all since birth. ðŸ¤£ðŸ¤£ðŸ¤£,Health,2023-02-23 14:44:29,4
29,119d36d,j9oy1o0,Idaho now 100% eligible for their Herman Cain awards...,Health,2023-02-23 15:20:45,4
30,119d36d,j9oyzph,"So much for ""Let people make their own decisions"" the Rs stay lying.",Health,2023-02-23 15:26:59,5
31,119d36d,j9ozuit,"Or just let people do their jobs, and let people decide for themselves if the vaccine is right for them?",Health,2023-02-23 15:32:42,4
32,119d36d,j9p04dm,"If they legitimately are afraid of the potential side effects and feel they should legislate to impose laws against something they personally are concerned about, then whatâ€™s next? Alcohol? Sugar? Potato Chips? Extreme sports? Guns?",Health,2023-02-23 15:34:33,4
33,119d36d,j9p0hha,Some early humans lacked the cognitive capacity to understand fire ðŸ”¥as well. occasionally they still chisel out one of their frozen corpses from the tundra.,Health,2023-02-23 15:36:58,5
34,119d36d,j9p1z82,We are certainly heading toward end times. The idiots are in charge now.,Health,2023-02-23 15:46:46,4
35,119d36d,j9p4cgn,"I'm sorry for all the diabetics that will suddenly be cut off from cheap, synthetic insulin.",Health,2023-02-23 16:01:47,5
36,119d36d,j9mo06t,"Eventually the red states will just antivax their way to death right?  

Their future will be just a bunch of pregnant 13 year old wives with polio at an all-white church.  Just like the Republicans want.",Health,2023-02-23 01:46:36,28
37,119d36d,j9obfk5,The world would be a much healthier safer place without republican lawmakers. Vote them out.,Health,2023-02-23 12:16:37,8
38,119d36d,j9o1slo,"You know, the United States doesn't really need Idaho. If Matt Damon can grow potatoes on Mars, the US can find better places to grow them besides Idaho",Health,2023-02-23 10:16:33,7
39,119d36d,j9nwu2b,"they they go, legislating with their heads up their butts again",Health,2023-02-23 09:05:28,3
40,119d36d,j9o46tj,Not just the COVID vaccine but ALL vaccines that use the mRNA.,Health,2023-02-23 10:49:48,3
41,119d36d,j9o5fz6,Freedom!  Except for things we donâ€™t like.,Health,2023-02-23 11:06:24,3
42,119d36d,j9o97qz,"I had a three day conversation with a conspiracy theorist about mRNA and I explained to them through scientific journals, not just googling how mRNA is a naturally occurring molecule thatâ€™s used to break down proteins in living cells. How it is already apart of every living cell in our bodies and has been this way for billions of years and yet they were like â€œif anyone gets that stuff injected in them they are crazyâ€

No bitch, youâ€™re crazy.",Health,2023-02-23 11:52:08,3
43,119d36d,j9oc3og,"Democrats live on Idaho too, bit we are vastly outnumbered. In is exhausting sometimes.ðŸ˜ž",Health,2023-02-23 12:23:39,3
44,119d36d,j9occ9p,Iâ€™d love MTGâ€™s national divorce if it keeps these morons from influencing policy for the rest of us. People are consistently stupid.,Health,2023-02-23 12:26:05,3
45,119d36d,j9ocf77,GOP freedom...free to be dumb.,Health,2023-02-23 12:26:55,3
46,119d36d,j9oczmf,Only a giant asteroid could solve all of humanityâ€™s problems at this point.,Health,2023-02-23 12:32:45,3
47,119d36d,j9odevc,Republicans are enemies of civilization.,Health,2023-02-23 12:36:57,3
48,119d36d,j9oew8a,"So, killing the citizens to own the libs?",Health,2023-02-23 12:50:57,3
49,119d36d,j9oh1uf,"I mean, we're within ten years of mRNA based cures for most forms of cancer (except maybe brain cancers, FWIW).  

WTF, Idaho.",Health,2023-02-23 13:10:47,3
50,119d36d,j9or7vz,So Republicans are declaring war on healthcare workers.,Health,2023-02-23 14:31:28,3
51,119d36d,j9osvsl,"Of course, like all the other crazies, they want to punish healthcare workers.",Health,2023-02-23 14:44:52,3
52,119d36d,j9ov4f9,Right-wingers are really doubling down and acting insane these past couple of years. I really hope this is the death throes of conservatism and not the new norm.,Health,2023-02-23 15:00:58,3
53,119d36d,j9owd5f,"The level of stupidity, bias, and blatant lack of subject knowledge by the author is pretty cringeâ€¦",Health,2023-02-23 15:09:30,3
54,119d36d,j9oy9j8,Man I hope thereâ€™s another pandemic 4 times more deadly. Letâ€™s clean out some red states of stupid,Health,2023-02-23 15:22:11,3
55,119d36d,j9oz4pv,I feel so sorry for normal people who had the misfortune of being born in Idaho.,Health,2023-02-23 15:27:55,3
56,119d36d,j9p1xio,Party of small Government,Health,2023-02-23 15:46:27,3
57,119d36d,j9p322w,"Man, really seems like conservatives are trying to kill off their base.... Clowns.",Health,2023-02-23 15:53:38,3
58,119d36d,j9pm3in,WE ARE GOING BACKWARDS,Health,2023-02-23 17:52:05,3
59,119d36d,j9pwu72,"Bro wtf, mRNA technology is literally used in a shit ton of medicines including Cancer and AIDS, so these patients have to receive their treatment in another state now ?",Health,2023-02-23 18:58:03,3
60,119d36d,j9mvuqu,Another good reason to not live in Idaho,Health,2023-02-23 02:44:53,15
61,119d36d,j9muig5,I think between Florida and Idaho we will see a lot less republicans.,Health,2023-02-23 02:34:55,19
62,119d36d,j9mzq2i,The Republicans are just getting more stupid each day.,Health,2023-02-23 03:14:18,18
63,119d36d,j9n6495,Now neighboring states will need to take care of the mass exodus of chronically ill and people high risk seeking effective vaccines. Just like what happened with abortion. Get ready!,Health,2023-02-23 04:05:53,6
64,119d36d,j9nbalu,And then when an outbreak arises â€œDamn Democrats! Give me horse pills!â€,Health,2023-02-23 04:51:51,3
65,119d36d,j9ngsea,"Unbelievably enough, being in a state that is famous for potatoes for too long, does in fact make you an actual potato.",Health,2023-02-23 05:46:17,2
66,119d36d,j9ntn16,Good luck getting that through,Health,2023-02-23 08:20:59,2
67,119d36d,j9nu1m4,The bill also makes it a crime to give a mRNA vaccine to 'any other mammal'. ...What?,Health,2023-02-23 08:26:28,2
68,119d36d,j9nu24e,What even is the support for this bill in the Idaho congress? This is kind of an important information to have if we are going to jump the gun and call Idaho retarded.,Health,2023-02-23 08:26:40,2
69,119d36d,j9nug80,"I am ashamed to have this state, which is becomjng more and more fascist by the day, as so much as a neighbor, or for them to declare themselves ""Pacific Northwest."" Awful.",Health,2023-02-23 08:32:06,2
70,119d36d,j9nutx2,Im sorry what? America wtf is going on over there?,Health,2023-02-23 08:37:17,2
71,119d36d,j9nvagc,Of course. Idaho. Right up there with Texas and Florida.,Health,2023-02-23 08:43:38,2
72,119d36d,j9o7s6e,I cannot accept that these people get the same number of senators as us.,Health,2023-02-23 11:35:29,2
73,119d36d,j9oa4d6,Itâ€™s official. Idaho is full of morons,Health,2023-02-23 12:02:11,2
74,119d36d,j9oaaxf,Tis a stupid place,Health,2023-02-23 12:04:15,2
75,119d36d,j9oamlc,Morons,Health,2023-02-23 12:07:51,2
76,119d36d,j9oasbs,Idaho is for morons.,Health,2023-02-23 12:09:34,2
77,119d36d,j9ocdcj,This is unbelievable. Unfucking believable,Health,2023-02-23 12:26:24,2
78,119d36d,j9odtxs,What is wrong with these people?,Health,2023-02-23 12:40:55,2
79,119d36d,j9oe4ga,Related; Idaho about to ban organ transplants and dozens of medical treatments.,Health,2023-02-23 12:43:40,2
80,119d36d,j9oecnf,yall nigas wildin,Health,2023-02-23 12:45:48,2
81,119d36d,j9oezix,The N in that sign is backwards right? They want to make a law but canâ€™t make an N?,Health,2023-02-23 12:51:48,2
82,119d36d,j9okhwp,Let freedom ring Idaho! Don't let anyone tell you that they are slowly taken away all of your rights.,Health,2023-02-23 13:40:39,2
83,119d36d,j9omtlz,"These people took 'American Idiot' by Green Day to heart. Wow, I'm actually shocked at how stupid people can be.",Health,2023-02-23 13:58:58,2
84,119d36d,j9p0d8y,"It never ceases to amaze me how these morons caterwaul about the gubmint interfering w/ their freedoms, yet they are constantly passing laws to make the gubmint interfere in everyone's lives like this  - you can't get an abortion, you can't learn history or anything that the gubmint doesn't want you to learn about, you can't use birth control, you can't be gay in the privacy of your own home, you can't use any medicines that the gubmint don't like, and on and on.  Remember when obamacare was being debated and that guy was caught on video at one of those townhalls yelling something like:  Keep your dirty gubmint hands off my Medicare!  FACEPALM!  The level of idiocy is just unbelievable.  There is no consistency of logic w/ these people, and they seem to live in a constant state of hypocrisy.",Health,2023-02-23 15:36:12,2
85,119d36d,j9pip5g,This is misinformation,Health,2023-02-23 17:31:05,2
86,119d36d,j9plyfc,I feel for sane Idahoans. Like...they'll kill you just to score points with morons.,Health,2023-02-23 17:51:13,2
87,119d36d,j9pmbii,"Drive through Idaho once and I noticed that the whole state is a bunch of meth heads so itâ€™s ironic they care what went into their body. Also the only state besides Indiana where as soon as I got over the state line the entire state smelled like complete shit. Not manure, human fecal matter, you guys donâ€™t need anti vax laws, you need indoor plumbing.",Health,2023-02-23 17:53:25,2
88,119d36d,j9pnyaf,Is the â€œNâ€ on that cardboard sign written backwards??,Health,2023-02-23 18:03:29,2
89,119d36d,j9pq45q,Remind me not to visit Idaho. ðŸ¤¦â€â™€ï¸ðŸ¤¦â€â™€ï¸ðŸ¤¦â€â™€ï¸ðŸ¤¦â€â™€ï¸. Who are these people who insist on telling everyone else how to live?,Health,2023-02-23 18:16:42,2
90,119d36d,j9px4na,I'm so glad to be getting the fuck out of this state.,Health,2023-02-23 18:59:51,2
91,119d36d,j9nb97u,"So very sad. My dad died in Idaho. Refused the vaccine and the people around him were an echo chamber of deniers. No masking or precautions ðŸ˜¿ itâ€™s been one of the greatest pains ever, and his life was cut so short. He was only 64. A total shame. I hate Idaho ideology.",Health,2023-02-23 04:51:29,5
92,119d36d,j9nf23b,"I work in healthcare in Texas. I had a random Alt-right nutcase approach me at work with fake statistics about vaccines killing people, a fake story where heâ€™s a victim, and vaguely threaten to hurt me and any other people administering vaccines. 

I canâ€™t wait for this dumb shit to be over.",Health,2023-02-23 05:28:30,6
93,119d36d,j9mu4gh,[removed],Health,2023-02-23 02:31:57,7
94,119d36d,j9nmmq9,"You know what they should do after that?  Double down, Double down and make the polio vaccine illegal.  Hell don't stop there, make masks during surgery illegal, know how they just hate that masks.  These piss drinkers need to just die off.  Culling of the herd.",Health,2023-02-23 06:52:02,4
95,119d36d,j9mduxe,[removed],Health,2023-02-23 00:33:11,10
96,119d36d,j9nmpg7,Glad I'm not in Idaho.  I'm immuno-compromised and have to get vaccine boosters every now and then.,Health,2023-02-23 06:52:55,4
97,119d36d,j9no4iy,Can we relocate Idaho to the south? They fit in culturally there way more than where they currently are.,Health,2023-02-23 07:10:06,4
98,119d36d,j9nozc2,I hate this fiery garbage trash pit of a country.,Health,2023-02-23 07:20:50,2
99,119d36d,j9o6qyz,"Reading the article, I think itâ€™s either crazy republican antics, or plain greed.

> Nichols did add that â€œThere are other shots we could utilize that don't have mRNA in it.â€ This latter statement is true. The Novavax Covid-19 vaccine, for example, uses a recombinant version of the SARS-CoV-2 spike protein rather than mRNA that gets your cells to produce the spike protein,

Usually the anti-vaxxers are against all vaccines but she turns around and supports other vaccines? Makes me wonder if they have stock in Novavax or some other competing non-mRNA company. 

Also really weird theyâ€™re banning it from other mammal use, like theyâ€™re trying to ban even the development and testing of mRNA since part of their reasoning for the bill was that the COVID mRNA vaccine was rushed.",Health,2023-02-23 11:22:51,3
100,119d36d,j9n21ae,This is such bullsh*t.  You say you want your freedom but those who are doing this are taking YOUR choice away from you. Government should not be involved when it comes to medical care and what people want to do personally.,Health,2023-02-23 03:32:34,6
101,119d36d,j9nfsxd,Can we stop federal funding to these states and watch them burn? Pretty please? No ok fuck what can we do? Implement federal laws against this shit?,Health,2023-02-23 05:36:10,2
102,119d36d,j9nf455,"Youâ€™d think theyâ€™d have learned something when thousands of unvaccinated Idahoans overran the hospitals during the Omicron wave, which forced them to go clog the hospitals in Washington as well. But no.",Health,2023-02-23 05:29:06,2
103,119d36d,j9nfljc,"Criminalizing science, and just when you thought people could not be any more stupid. Obviously, these legislators don't have the aggregate IQ of a femto-meter.",Health,2023-02-23 05:34:04,2
104,119d36d,j9ni76g,Nihilistic loony leap frog game between various red states continues dig past rock bottom.  This is but another example.,Health,2023-02-23 06:01:28,2
105,119d36d,j9niaao,"Montana: we have the most dumbass politicians in the world.

Idaho: hold my beer.",Health,2023-02-23 06:02:26,2
106,119d36d,j9nied9,People are so stupidâ€¦,Health,2023-02-23 06:03:40,2
107,119d36d,j9njb4d,Good old Idaho Red.  Fortunately the two senators who proposed this bill have a pretty shitty record when it comes to successful legislation.  They're considered whacko's BY the whackos.  Not gonna happen.,Health,2023-02-23 06:13:36,2
108,119d36d,j9nl7nu,"Idaho is a joke - it has one of the most restrictive abortion bans in the country with no exceptions, only affirmative defenses.",Health,2023-02-23 06:35:31,2
109,119d36d,j9o2wf1,Trump has proven to ALL the nuts that you donâ€™t have to be smart to be president so know ANYONE can run and make it to office. I honestly think most of the people who run for office are some of the most ignorant unqualified people out there. MTG and Boebart are a testament to the fact.,Health,2023-02-23 10:32:15,2
110,119d36d,j9oodqg,Should have destoyed the confederate scum when you had the chance.,Health,2023-02-23 14:10:54,2
111,119d36d,j9n8kvj,"The idiocyâ€¦ because the Covid vaccines were fast-tracked, they want to ban them -and- any other mRNA vaccines that may yet be developed. And not just ban, they want it to make it a crime (misdemeanor) to administer it to humans or even other mammals. ðŸ¤¦ðŸ»â€â™€ï¸ðŸ¤¦ðŸ»â€â™€ï¸ðŸ¤¦ðŸ»â€â™€ï¸",Health,2023-02-23 04:27:15,2
112,119d36d,j9ncurp,Think Iâ€™ll avoid my own private Idaho.,Health,2023-02-23 05:06:36,3
113,119d36d,j9ne76s,"Told you guys. Theyâ€™re coming for you, too. Not just those of us who are trans.",Health,2023-02-23 05:19:48,3
114,119d36d,j9njyzp,Right wingers are getting dumber by the second. Red states are now trying to outdo each other with the most outrageous legislation. Book burningâ€™s and denial of religious freedoms cannot be very far off. We are pre WWII Germany,Health,2023-02-23 06:21:08,2
115,119d36d,j9nl9rm,"What really needs to happen is Democrats/Liberals  need to get over their fear of firearms and start training and packing heat wherever they go. 

Itâ€™s the ONLY F*CKING thing these people understand. They think theyâ€™re the only ones with guns and once they physically can see that they have been equalized is when theyâ€™ll back down from this shit.",Health,2023-02-23 06:36:11,3
116,119d36d,j9npuop,**Republicans:** We WANT government in charge of our personal medical decisions. How hypocritical! ðŸ¤£,Health,2023-02-23 07:31:43,3
117,119d36d,j9nrnyj,"Born and raised Idahoan here. Yes, I am a Republican. No, I do not support stupid shit like this. This is literally one story of many idiotic things happening in the state right now. 

There is a movement to eliminate libraries in one of the bigger cities because some maniacs have a problem with what kids might read and how it can warp their fragile little minds. Like kids go to libraries anymore.. 
 
Did you hear that Idaho and like 2/3 of Oregon are looking to become one state: 'Greater Idaho'? Jokes on the Oregon folks wanting this; marijuana is still illegal in Idaho.
 
Just want to chime in and make it clear that not all Idahoans are nut jobs, and not all Republicans are uneducated fools. I wore a mask, I got the vaccine and follow-up boosters, and not once have I ever supported Trump in any way, shape, or form.",Health,2023-02-23 07:54:41,3
118,119d36d,j9ndblm,"These fuckers should be charged for the bullshit theyâ€™re attempting.

This bill will likely not pass but Iâ€™m tired of this shit getting any traction",Health,2023-02-23 05:11:05,2
119,119d36d,j9n1mp0,Should pass a bill to rename that state to â€œImdumboâ€,Health,2023-02-23 03:29:18,-1
120,119d36d,j9nfau0,"Man, the US. Crazier by the day.",Health,2023-02-23 05:31:01,1
121,119d36d,j9nh30v,Isnâ€™t it marvelous how â€˜republicansâ€™ are SO consistently committed to keeping government out of our private lives. What hypocrites!,Health,2023-02-23 05:49:19,1
122,119d36d,j9nj04u,"What an idiotic measure, just outlaw science already, thatâ€™s where itâ€™s leading.",Health,2023-02-23 06:10:13,1
123,119d36d,j9njboj,Nature really can punish the ignorant,Health,2023-02-23 06:13:46,1
124,119d36d,j9nje5y,"Some People are afraid of not having a choice for their own body, so they come up with ideas like these. They do not realize that they are projecting their fears into someone else's reality.",Health,2023-02-23 06:14:33,1
125,119d36d,j9nkkdp,Godamndumbasses.,Health,2023-02-23 06:27:59,1
126,119d36d,j9np7ul,Keep Idaho weird (and avoid it at all costs.),Health,2023-02-23 07:23:46,1
127,119d36d,j9npf03,At what point exactly did Conservatives collective IQ dip below the Mendoza line?,Health,2023-02-23 07:26:13,1
128,119d36d,j9npusz,Idaho: The Florida of the northwest.,Health,2023-02-23 07:31:45,1
129,119d36d,j9nqtjq,"They won't have hospitals soon. Only local clinics and no matter what's wrong with you, you'll be bled. If that doesn't fix it, off to the Salem witch trials.",Health,2023-02-23 07:44:00,1
130,119d36d,j9oay9w,"If people want the MRNA treatment they should be allowed. The companies creating the virus, I mean the vaccine, should be able to profit off peoples sickness.",Health,2023-02-23 12:11:22,1
131,119d36d,j9njmdz,"So, usually those politicians pushing the hardest against masks and vaccines are the ones who are receiving money, either directly or from PACs, from pharmaceutical companies who make drugs that treat covid.  If you wear a mask and get the vaccine, you are less likely to contract covid thus less likely to need their drug.  I was trying to do a deep dive into the two who are sponsoring this bill, but havenâ€™t yet connected the dots.  Mostly because Iâ€™m laying in bed on my phone doing an insomnia deep dive.  But if someone out there who is more skilled wants to try their luck, feel free.",Health,2023-02-23 06:17:07,0
132,119d36d,j9mwr90,So much for freedom,Health,2023-02-23 02:51:36,1
133,119d36d,j9nciji,"Next, we will be burning witches at the stake. /s",Health,2023-02-23 05:03:18,1
134,119d36d,j9ncjs3,Stupid is as stupid does.,Health,2023-02-23 05:03:39,1
135,119d36d,j9nenes,Only thing good in Idaho is potatoesâ€¦. This is dumb Mormon shit.,Health,2023-02-23 05:24:19,1
136,119d36d,j9nrkpb,What the fuck is wrong with America? Honestly?,Health,2023-02-23 07:53:32,1
137,119d36d,j9o4oe3,"I couldnâ€™t make it through.  Too much emotional language.  Forbes should be above it, but I thought I was reading some .org schwag.",Health,2023-02-23 10:56:17,1
138,119d36d,j9owbom,Iâ€™m so confused. Why???? Does it come from aborted babies or some shit?,Health,2023-02-23 15:09:13,1
139,119d36d,j9p4ltr,why canâ€™t natural selection just take these people out already,Health,2023-02-23 16:03:30,1
140,119d36d,j9n7hgu,Hey fuck Idaho,Health,2023-02-23 04:17:35,-1
141,119d36d,j9n7ol2,"Land of the free, amirite?",Health,2023-02-23 04:19:18,0
142,119d36d,j9nksnk,"So, two politicians in Idaho propose a dumb bill they know likely wonâ€™t pass (and also would likely run afoul of some nuanced articulation of the Commerce Clause) in order to score cheap, short-lived political points with their culture-war constituency? Got it. 

Wake me up if it actually passes. Thatâ€™s a real story.",Health,2023-02-23 06:30:39,0
143,119d36d,j9nnk6t,are the endless supply of potatoes worth keeping them?,Health,2023-02-23 07:03:13,0
144,119d36d,j9noftq,Seriously?,Health,2023-02-23 07:14:00,0
145,119d36d,j9owx0o,This is why the government should have no control over Healthcare.,Health,2023-02-23 15:13:13,-1
146,119d36d,j9nnotr,Sigh. Just let them do whatever they want. I used to live there. The religion is strong.,Health,2023-02-23 07:04:45,1
147,119d36d,j9nw68q,**FVCK ... I-don't-know IF they want to die from COVID fine by me --- they can reduce the overburdened population BUT stay the fvck away from me and EVERYONE I KNOW.**,Health,2023-02-23 08:55:56,1
148,119d36d,j9nwrdr,Dumbasses.,Health,2023-02-23 09:04:23,1
149,119d36d,j9nx1ld,This thread has aids,Health,2023-02-23 09:08:23,1
150,119d36d,j9nzbnm,That kindergarten â€œNâ€ on the sign explains everything,Health,2023-02-23 09:41:16,1
151,119d36d,j9nzmcf,I know someone currently in a mRNA flu vaccine trial for future flu vaccines,Health,2023-02-23 09:45:33,1
152,119d36d,j9o032g,Our country is being destroyed by the right.,Health,2023-02-23 09:52:12,1
153,119d36d,j9o0lzf,"Yeah that's fine, I hear it's beautiful. Just don't travel",Health,2023-02-23 09:59:42,1
154,119d36d,j9o0or0,It won't pass. These things are just to shake up the libs.,Health,2023-02-23 10:00:47,1
155,119d36d,j9o0q6x,ðŸ¤¡,Health,2023-02-23 10:01:22,1
156,119d36d,j9o0ytq,My eye almost rolled out of my head! ðŸ™„,Health,2023-02-23 10:04:48,1
157,119d36d,j9o1l88,Maybe secession is a good thing for this country? Let the red states crash and burn into oblivion.,Health,2023-02-23 10:13:35,1
158,119d36d,j9o1p5m,It's got electrolytes,Health,2023-02-23 10:15:12,1
159,119d36d,j9o1sia,Like Americans need a reminder that politicians are only here to remain politicians.  Not to actually help and serve the people.,Health,2023-02-23 10:16:30,1
160,119d36d,j9o1sxb,So can anyone explain whatâ€™s going on behind this mrna stuff? Like why are they actually afraid of it? I donâ€™t get it.,Health,2023-02-23 10:16:40,1
161,119d36d,j9o7fou,This is world is in flamesâ€¦,Health,2023-02-23 11:31:19,1
162,119d36d,j9oc4os,r/nottheonion,Health,2023-02-23 12:23:57,1
163,119ggzz,j9ma6xw,"We give Tylenol when our kids have a bad cold, because theyâ€™ve got a headache and a sore throat. It helps them feel better. Fever is rarely a factor.",Health,2023-02-23 00:07:11,92
164,119ggzz,j9ntsmp,Even more problematic are the people giving their kids pepto bismol,Health,2023-02-23 08:23:03,5
165,119ggzz,j9mrzco,"And then there are the moms who wonâ€™t give their kids medicine period, and would rather them get febrile seizures while opting to use the onion in a sock method (iykyk) or essential oils to manage the illness. It goes both ways.",Health,2023-02-23 02:16:03,61
166,119ggzz,j9n47sx,Thatâ€™s cause everyone thinks 99.9 is a fever.,Health,2023-02-23 03:50:06,20
167,119ggzz,j9p08bt,Unless you wanna be there comforting my sick child at 2 am mind yo business.,Health,2023-02-23 15:35:16,15
168,119ggzz,j9n7c7d,"Yeah... 99, not a fever...101, ok is a fever now, 102 or above that's when I give the Tylenol",Health,2023-02-23 04:16:18,12
169,119ggzz,j9okxxt,"I was raised with the belief that a fever needed to be â€œbrokenâ€ as soon as possible. Our family thought process was that youâ€™re cured when the fever is below a threshold. Iâ€™ve made some progress explaining inflammation and fevers and how theyâ€™re a necessary evil. My background is in sports medicine athletic training. In recent years, thereâ€™s been a big push for ceasing ice application for acute injuries. It doesnâ€™t do anything but provide very short term relief",Health,2023-02-23 13:44:17,3
170,119ggzz,j9ouaf2,My parents would give us NyQuil or Benadryl when we were having trouble falling asleep ðŸ˜³,Health,2023-02-23 14:55:05,3
171,119ggzz,j9q2081,"Below a certain temperature, if your kid has a fever, that's their body doing its job to kill the infection. Greater than 102F, you'll want to administer a fever reducer and talk to a doctor. That being said, when my kids have even the slightest fever, we will give them tylonel before bed to ensure they're able to get necessary rest.",Health,2023-02-23 19:30:19,1
172,119ggzz,j9o439u,Has there been any new studies on the use of these drugs on children? Last report I read suggested there was no known safe dosage for children.,Health,2023-02-23 10:48:27,-1
173,119ggzz,j9p9rok,To make them sleepy.,Health,2023-02-23 16:36:19,1
174,119ggzz,j9q8214,Thatâ€™s because these â€œfeverâ€ medications are not just for feversâ€¦,Health,2023-02-23 20:08:07,1
175,119ggzz,j9mn48q,"I give my kids 75/25 mix of maraschino cherry juice and water. Luxardo and Bada Bing are the best brands for this because the juice is kinda thick like medicine.

Edited to add that we give Tylenol or Motrin if they have severe fever that wonâ€™t break. But yea, most of the time is cherry juice.",Health,2023-02-23 01:40:06,-12
176,119w3bs,j9ofyhx,"You have so many companies all across America doing what ever the hell they want to maximize their profits with zero accountability.  

And why?  Because they are allowed to not just lobby our bought and paid for politicians, but they are also allowed to legally bribe our bought and paid for politicians via ""citizens united"".

This train derailment is just one more example of a corporation getting away with corrupt practices, all in the name of profits.  And just like with wells fargo and their blatant theft from their own customers,  not one single actual person will be charged with the crimes they deserve to face justice for.  

Instead, it will be a small miniscule fine for the corporation itself, and then they will move on as if it never happened, while those greedy pieces of trash responsible for all of this, will walk away with massive bonus checks.",news,2023-02-23 13:00:40,17989
177,119w3bs,j9omrqs,"Sadly, Itâ€™s Dark Waters all over again: 
https://m.imdb.com/title/tt9071322/

True story about a chemical manufactory (DuPont) knowingly poisoning a whole town and how their lawyer turned against them when he realized they were killing people.

The movie is worth a shot and the similitudes are hard to miss.",news,2023-02-23 13:58:34,2542
178,119w3bs,j9oq99c,"This is also the fallout of first world style conformity. Everybody is just going to be mad, while being poisoned to death, while the CEO drinks at the country club.",news,2023-02-23 14:24:34,801
179,119w3bs,j9od9m8,[removed],news,2023-02-23 12:35:31,1832
180,119w3bs,j9on8v0,"I saw this last night and it was galling how the CEO was avoiding questions and commitments to take immediate actions for these people. I understand that the CEO has responsibilities and is in many ways limited but to have him sit stone faced while reciting the same talking points over and over to these people who suffered such emotional and financial trauma that this company caused was awful.

It was abundantly clear they had no plan or intent to come to the table to make these folks feel they would be supported.",news,2023-02-23 14:02:14,1578
181,119w3bs,j9ogotc,"70k a day while the EPA cleans up the mess for them if they choose not to do anything.

That sounds like the cost of doing business to me.",news,2023-02-23 13:07:28,1386
182,119w3bs,j9ocwb6,The CEO needs to be in handcuffs,news,2023-02-23 12:31:48,1791
183,119w3bs,j9ofreq,They need to do what was done back in the Love Canal days. Take them hostage in their homes and force them to stay in the mess they created.,news,2023-02-23 12:58:52,446
184,119w3bs,j9ocz5x,"What vetting was done for an event like this?

Because if I ever get invited to one, I would go in loaded with information.

Who donated how much to which PACs, what regulations were ""rolled back"" by which lobbyists, and exactly how much the bosses' stock increased since those rollbacks. 

I feel like I would be edited out by corporate media like CNN and all the networks.

It seems like we the national media is only there to prevent people in affected areas from unifing in there actions.

How can we get Flint MI, Jackson MS, and E Palestine OH, unified and active? 

This shit cannot continue. We need clean water, clean air, and healthcare now.",news,2023-02-23 12:32:37,761
185,119w3bs,j9oi0p9,[removed],news,2023-02-23 13:19:46,343
186,119w3bs,j9p7gyt,"To be a CEO at that level, you pretty much have to be a sociopath.

You can yell at that CEO all day, and he won't care. At best. More likely? He will take it as a sign that all you can do is yell, and that you're no threat to his true interests, and that he just needs to suffer you for a few minutes to mitigate an otherwise apathetic and unapologetic lack of accountability that would tank stock prices and concern shareholders.

Dude doesn't give a fuck about any human but himself, guarantee it.",news,2023-02-23 16:21:51,82
187,119w3bs,j9ptxoq,"For anyone keeping score outside of Ohio. Our governor is a fucking ghoul.  That is not a person. That is a ghoul in a skin suit masquerading as a human being with a human soul.

Dewine canceled the distribution of federally funded unemployment benefits during the pandemic because he thought people would return to work once the benefits ran out.  Guess what?  They didn't.   

[Under Dewines watch](https://ohiocapitaljournal.com/2022/08/15/texts-calendars-emails-link-dewine-to-firstenergys-bribery-scandal/) we observed one of the single most blatant displays of statewide government corruption with evidence that the GOP in Ohio took millions in bribes from energy companies.  Dewine denied any wrongdoing.  But it all happened right under this nose.  Shocking isn't it?  He's a fucking corrupt, soulless ghoul.  

My memory is failing but if I'm not mistaken we have TWO energy scandals in Ohio under Dewine's watch.  

Watching the American experiment fail in real time is pretty horrifying.  They're poisoning us, killing us, making us suffer, so they can own 3rd homes and buy their shitty kids into education at a prestigious school.  And every fucking sucker out there that blames LIBS or blames TRUMP has missed the point.  They've been pitting you against each other so you forget to blame the whole fucking lot of them that sell you out every fucking day.

This was never about left vs right. It's rich vs poor.  Always has been.",news,2023-02-23 18:40:04,15
188,119w3bs,j9p652f,Par for course when shit like this happens is the CEO(s) should have to relocate to ground zero of their disaster until it is cleaned up.  Instead they usually resign their position with a golden parachute and get hired on at another firm as a â€œconsultantâ€ or some bullshit.,news,2023-02-23 16:13:22,15
189,119w3bs,j9oov8f,Nice to have something to point to when my in laws claim that capitalism is self regulating...,news,2023-02-23 14:14:31,83
190,119w3bs,j9ov4nx,"Ohio, where Republican corruption runs rampant. The FBI has called Ohio the most corrupt in state in the country.  The Ohio GOP is on trial right now for taking $60 million in bribes. Yet here we are with them still running the show.

https://www.theguardian.com/us-news/2023/jan/23/ohio-republican-larry-householder-corruption-trial",news,2023-02-23 15:01:01,122
191,119w3bs,j9ojogl,The governor has successfully shifted any blame on his party to just the company. They wonâ€™t change how they vote and they will keep having things like this happen to them.,news,2023-02-23 13:33:56,153
192,119w3bs,j9ou571,"I hate when they do these town halls because it gives the illusion of accountability, and it makes people think things are actually changing when they aren't.",news,2023-02-23 14:54:04,41
193,119w3bs,j9otecf,"The American people deserve to be treated like actual people. Not like cattle for profit! Corporate greed is absolutely disgusting and this is just one of the consequences of the practice. We have representatives who only push forward their own agendas and take bribes from companies to turn a blind eye. 

Might I add that the Obama administration put in place safety regulations to try and avoid these types of situations. However, as we all know Trump loved pandering to corporations so of course his administration was the one who removed the safety regulations before they could even be applied. If you follow the money it will usually lead you to the source of the corruption, folks. Never forget that.",news,2023-02-23 14:48:44,56
194,119w3bs,j9oobq1,People have been killed for less...,news,2023-02-23 14:10:29,9
195,119w3bs,j9ofwg7,[removed],news,2023-02-23 13:00:09,126
196,119w3bs,j9oo272,"CEO: ""Now hang on.  You all voted for LESS regulation though.""",news,2023-02-23 14:08:30,103
197,119w3bs,j9pbxdr,If I lived there I would also be angry too. People are getting sick and facing possible future health issues because of this this chaos and Donald Trumps visit to that area in Ohio is just a publicity stunt. Northfolk Southern and their CEO should be held accountable and face criminal chages. The resident should also consider lawsuits against Northfolk Southern and their CEO.,news,2023-02-23 16:49:32,8
198,119w3bs,j9p8nh8,"It almost seems worth the jail time to beat this dudes ass. Like, he killed hundreds of pets, thousands of wild animals, and is likely causing long term cancers and horrible environmental conditions for thousands of residents for years. A little jail time seems not that bad.",news,2023-02-23 16:29:18,22
199,119w3bs,j9oxztb,But none confronted trump who gave people like that ceo the deregulations they wanted,news,2023-02-23 15:20:24,66
200,119w3bs,j9ovsro,And people wonder why a lot of us hate capitalism.,news,2023-02-23 15:05:41,33
201,119w3bs,j9onvat,Rake the assholes over the coals,news,2023-02-23 14:07:04,7
202,119w3bs,j9p2xu2,They need to ask their governor why this isnâ€™t an emergency.,news,2023-02-23 15:52:54,7
203,119w3bs,j9pfhu9,Businessmen play the game. Set the rules right. Donâ€™t whine now. You all voted Republicans in and supported deregulation. Also fck Biden for making it illegal for rail workers to protest,news,2023-02-23 17:11:30,7
204,119w3bs,j9pmz9n,"Ohio residents are pissed that the conservative capitalism theyâ€™ve been voting for is ruining their lives. 

r/leopardsatemyface",news,2023-02-23 17:57:26,7
205,119w3bs,j9ohdsb,When the victims are being paid a few million.  Norfolk Southern is paying its shareholders billions at the same time.,news,2023-02-23 13:13:55,36
206,119w3bs,j9oof1m,"Alan Shaw needs that money, you know, for its pile! We canâ€™t deprive the ultra wealthy of their piles of money just because our health is at risk. Thatâ€™s wokeism.

It and itâ€™s entire family should never face any recourse.",news,2023-02-23 14:11:10,38
207,119w3bs,j9otqar,"Gee, I wonder what would happen if you create a ridiculously one-sided system whereby which people are 100% isolated from the consequence of their decisions? I wonder what would happen? 

Wake me when the violence starts. Iâ€™m bored with talk.",news,2023-02-23 14:51:07,34
208,119w3bs,j9p3mta,Long ass prison sentences or BILLION dollar fines.  Pick one or both or else it doesn't fucking matter what you do to them.  They will not change unless there is actual consequences.,news,2023-02-23 15:57:13,6
209,119w3bs,j9pdei7,"CEO is paid to be a punching bag & keep costs as low as possible. If he doesnâ€™t, heâ€™s replaced.

Board of directors are the ones that need the blame.",news,2023-02-23 16:58:34,7
210,119w3bs,j9penxd,A super massive lawsuit against the railroad responsible like to the tune of several hundred billion dollars might make a huge difference and demand the bought out governor resign too.. the video on Reddit showing the governor fake drinking the tap water is evidence itself,news,2023-02-23 17:06:24,6
211,119w3bs,j9oq439,"> On Wednesday, DeWine said the fish were killed in the first 24-hour period of the chemicalsâ€™ release, and thereâ€™s no evidence showing fish were killed after the initial release. 

Points to head, ""Can't have any more fish killed when they are all dead.""",news,2023-02-23 14:23:33,31
212,119w3bs,j9pa3qo,"Americans are the biggest pussies and posers on the planet. They love to pose for pics with their guns and tout they're the toughest people on the planet in Hollywood movies.

Yet you let corporations run over you and exploit you every day even though you have the most firepower to fight back.",news,2023-02-23 16:38:23,15
213,119w3bs,j9pa5og,People need to start protesting outside of CEO and board member homes.,news,2023-02-23 16:38:43,14
214,119w3bs,j9omebr,"Those fuckers at NS weren't even planning on pulling up the tracks and remediating underneath them until they got pushback from the EPA and locals. They looked at the spot where the spill happened and that probably has the most contamination and their first thought was ""It will be fine. No need to disrupt rail traffic to clean there.""",news,2023-02-23 13:55:41,20
215,119w3bs,j9ozeqn,"Not sure how to say this without overtly encouraging violence but why America, do you care more about the genitals of children and grown adults than the poisoning of your own country? Why do you care about me the sexual preference of free people more than the quality of life being taken away from you? How do you commit mass shootings every day on your own citizens but not these corporate scum?

I can't understand how small social issues of the individuals raise extremists to arms against their own kinsman but this, this attack on your own country's well-being does not? 

Too blatantly & consistently do corporations get away acts such as this. I do not wish to incite violence but if violence is occurring why not here?

I'm speaking into the void is all...",news,2023-02-23 15:29:47,24
216,119w3bs,j9okd33,Know those Oligarchs we hear about 'over there'?  We call them CEO's.,news,2023-02-23 13:39:33,20
217,119w3bs,j9oxqmo,"Nothing is going to change. The railroads will continue to short-change safety and workers, while maximizing profits and stock buybacks to benefit the top brass.

Unless the fines are more than the profits they made by cutting back on workers and safety, there is no incentive at all to change.

The damage to regular people's lives isn't even a consideration.",news,2023-02-23 15:18:44,5
218,119w3bs,j9oy9fe,Corporate Death Penalty,news,2023-02-23 15:22:10,5
219,119w3bs,j9p2zv8,Anyone have the full town hall? CNN being typical and I canâ€™t find the whole thing online at all. Bunch of whackos not posting the full thing,news,2023-02-23 15:53:15,6
220,119w3bs,j9p5749,These cheaps sacks of human garbage should be jailed for life,news,2023-02-23 16:07:20,6
221,119w3bs,j9pf23q,How much $$ did Vance get from Norfolk Southern? You know who would have been there day one-Tim Ryan. But the good folks if OH sided with a Wall Street bro.,news,2023-02-23 17:08:48,5
222,119w3bs,j9pg824,"As they should, these train companies and politicians are screwing with these peoples health and safety as if itâ€™s a game.",news,2023-02-23 17:15:58,5
223,119w3bs,j9pjmrr,"As I sit here, at my desk at work. I listen to drivers complain about our local NS terminal and how it's a sprawling dumpsterfire of shit. And my guys just have to take verbal abuse from the yard dogs. Moments like this put a smile on my face to a small degree, where assholes like this have to look people in the eye. Yeah, maybe it doesn't do shit, but it's more accountability than I've seen.",news,2023-02-23 17:36:54,4
224,119w3bs,j9puf8z,It doesn't matter how many angry people there are unless they're putting heads on stakes rich people won't change shit,news,2023-02-23 18:43:08,5
225,119w3bs,j9pxb31,"These people got exactly what they voted for.  The corporations that operate in their state were finally freed from the tyranny of government oversight.  The only thing that would be more fitting for them is of the federal government stays out of their lives and refuses to waste money on handouts for rebuilding.

Maybe more tax cuts for billionaires, or more guns will improve their current situation.  Maybe the solution to all their woes can be found in Hunter Biden's laptop.  I just know one thing for sure, requiring corporations to follow minimum safety guidelines definitely won't help them prevent anything like this in the future.",news,2023-02-23 19:00:58,5
226,119w3bs,j9q767g,Next they should confront the conservative politicians that are against regulations.,news,2023-02-23 20:02:34,5
227,119w3bs,j9pdgo0,He's lucky they didn't drag him into the street. We should probably start doing that again.,news,2023-02-23 16:58:56,13
228,119w3bs,j9ofqux,[removed],news,2023-02-23 12:58:43,59
229,119w3bs,j9p3crf,"The Lincoln project just released a video on this... It was TRUMP that deregulated the safety systems and breaks on the trains. NOT Biden, NOT Obama, it was TRUMP. https://youtu.be/SFEC3aBHtLU",news,2023-02-23 15:55:29,12
230,119w3bs,j9ovjz8,"I just really hope this incident shows everybody on both sides of the political spectrum that regulation is good for us all

I will never, in a million years, understand how Republicans brainwashed their supporters into thinking deregulation was good for them",news,2023-02-23 15:03:58,17
231,119w3bs,j9opngn,"Wait till people find out we've done this to the entire planet, we just havent become collectively aware of the damage....",news,2023-02-23 14:20:17,10
232,119w3bs,j9ot7sw,America has become so fucking corrupt itâ€™s insane,news,2023-02-23 14:47:23,10
233,119w3bs,j9pb3me,I wish the crazy gun nuts would shoot up board rooms instead of schools.,news,2023-02-23 16:44:30,17
234,119w3bs,j9owzxo,They should have invited Trump while he was in Ohio. He loves a crowd.,news,2023-02-23 15:13:46,3
235,119w3bs,j9oxcyf,"I feel dumb asking this, but when people ask generally ""will there be long-term health/environmental issues"" aren't their specialists (medical or environmental) outside the accused company that can offer their knowledge and experience to answer these questions. I feel like there has to be at least one EPA worker with a chem degree and another with an, I don't know, environmental degree maybe? that can just reference the chemicals in question, get some evidence of the damage, and answer the question honestly. 

Also are people pissed because the governor enabling the company somehow or is this just typical general slow government protecting/not applying pressure to big company that f*ed up bigtime?",news,2023-02-23 15:16:12,3
236,119w3bs,j9oy9u8,We need Erin Brockovich on the case!,news,2023-02-23 15:22:14,4
237,119w3bs,j9p073a,If they do less testing there will be less concerns...........,news,2023-02-23 15:35:03,3
238,119w3bs,j9p1nvy,Probably voted republican and is against regulation.,news,2023-02-23 15:44:44,5
239,119w3bs,j9p3oln,"For the record, itâ€™s Republicans that want to deregulate everything and let businesses do as they please, not â€œPoliticians.â€",news,2023-02-23 15:57:32,5
240,119w3bs,j9p5jfp,As punishment the CEO and management team should be forced to move to East Palestine and live there for 10 years and personally help with the clean up on the ground.,news,2023-02-23 16:09:32,4
241,119w3bs,j9p7iq0,"Everyone involved in the incident including the EPA should be forced to live in the town for a month and drink the same tap water and breath the same air. If it's as safe as they say it is, then they should have no problem doing it.",news,2023-02-23 16:22:10,3
242,119w3bs,j9p8c2d,"A ceo and top leaders at a company are required to maximize corporate profits for investors. Under that assumption they can claim moral cover to spend the absolute minimum on safety. CEO can say they would love to spend more if it were up to them, but need to maximize profits. System is rigged in corporations favor",news,2023-02-23 16:27:17,4
243,119w3bs,j9pawrt,"I wanna see the board members answer too

CEO in many ways is a stooge. The real fucks are the board",news,2023-02-23 16:43:20,4
244,119w3bs,j9pdxne,"â€œWhat the science tells us is that we havenâ€™t had any readings that are above certain levels that would cause adverse health impacts.â€

...if birds are dying from breathing it, and fish/amphibs are fron being immersed with it... then the science is being applied by fucking morons/frauds, or standards need to be revised.

Its the canary in the mine principle. Something more sensitive than a human's survival threshold to serve an impending crash alarm. And these people have to live in it long term... so that threshold has to be lower.

Really, what needs to happen is an exclusion zone, like a flyover country version of Pripyat.",news,2023-02-23 17:01:51,4
245,119w3bs,j9pek8k,"Meanwhile, enjoy your Goya beans and Trump water yaâ€™ chuds",news,2023-02-23 17:05:46,4
246,119w3bs,j9pgmzk,I'm surprised the people of Ohio are focusing on the CEO's of these train corporations with the Cons so desperately trying to blame Democrats for this disaster.,news,2023-02-23 17:18:31,4
247,119w3bs,j9pkxoi,I hope the CEO realizes that in 5 years Mark Ruffalo is going to play the lawyer that sues them and itâ€™ll be in theaters country wide.,news,2023-02-23 17:44:54,3
248,119w3bs,j9pm3zv,"I donâ€™t think people realize just how much the rich hate us. They see us as a capital commodity only. If they get their way: child labor is coming back, no workers rights or protections, and workers get paid shit if anything at all. 

End Citizens United. What is the alternative? We fade away into fucking miserable dust in this grand opportunity to experience life on Earth? Why do only a few get to enjoy their time here? Why are we letting psychopaths call the shots?",news,2023-02-23 17:52:10,4
249,119w3bs,j9pqot3,This disaster is the cost of voting for deregulation in favor of corporate profits. Know more about who it is youâ€™re voting for. Could be a great learning experience for Ohio but it wonâ€™t be,news,2023-02-23 18:20:12,5
250,119w3bs,j9prdf2,Bet they still vote (r),news,2023-02-23 18:24:20,5
251,119w3bs,j9puxn3,"There needs to be more dire consequences for destroying lives like this, how the townsfolk restrain themselves from gutting these people is beyond me.",news,2023-02-23 18:46:19,3
252,119w3bs,j9pyy7f,nationalize the company and imprison the board of executives. make a fucking example out of them and put the fear of god into these rat bastards,news,2023-02-23 19:11:17,4
253,119w3bs,j9pzzlz,Spoiler.   They all voted MAGA,news,2023-02-23 19:17:47,4
254,119w3bs,j9q60og,"I just canâ€™t handle that Trump is going around blaming this on Biden. I canâ€™t take this dudes constant bitch ass lying. 
  
Isnâ€™t it the Ohio governor whoâ€™s at fault? Wasnâ€™t Biden trying to get disaster relief that was stalled by the governor or something?",news,2023-02-23 19:55:23,4
255,119w3bs,j9p1pv6,This all just seems like leopard ate my face. Ohio enthusiastically elects Donald Trump. He rescinds safety measures. Trains crash. Ohio weeps. Ohio welcomes Trump who blames Biden. ðŸ˜–ðŸ˜–ðŸ˜–,news,2023-02-23 15:45:05,15
256,119w3bs,j9oqj5v,surprised he wasnt shot on sight,news,2023-02-23 14:26:31,18
257,119w3bs,j9onxtr,Same people who were smiling while Trump was handing out hats and 13 year old water.,news,2023-02-23 14:07:36,23
258,119w3bs,j9p8paz,The French would have held him hostage. We should be more like the French.,news,2023-02-23 16:29:37,9
259,119w3bs,j9p9n93,They wanted deregulation they got deregulation,news,2023-02-23 16:35:32,9
260,119w3bs,j9peuzb,"
(â€¢_â€¢)

I guess you could say

 ( â€¢_â€¢)>âŒâ– -â–  

the town hall was

 (âŒâ– _â– )

derailed",news,2023-02-23 17:07:36,9
261,119w3bs,j9pfivw,Town voted two to one trump who then changed regulations on braking requirements. Leopards are eating plenty of faces,news,2023-02-23 17:11:41,9
262,119w3bs,j9oanm2,Norfolk and Southern stands to lose a tremendous amount of money over this. The clear take away? Common Sense regulations are good for business.,news,2023-02-23 12:08:09,105
263,119w3bs,j9orlvh,"This is a consequence of deregulation taken too far.  Politicians will run for office on removing regulations, saying theyâ€™re burdensome, expensive, and pointless.  Right up until theyâ€™re not.",news,2023-02-23 14:34:18,7
264,119w3bs,j9pbbkr,When will we see his head on a pike for the the long term damage he's done to 5000 people.,news,2023-02-23 16:45:50,9
265,119w3bs,j9p85li,"Why were the police preventing (& attacking) reporters from doing their job reporting on this situation? Who gave the directive to the police to stop, arrest and detain reporters?",news,2023-02-23 16:26:08,7
266,119w3bs,j9p9p57,The guy should be executed right there,news,2023-02-23 16:35:53,6
267,119w3bs,j9orsia,"Corporations have no soul to sell, no body to incarcerate.  Yet, they are 'people'.",news,2023-02-23 14:35:36,3
268,119w3bs,j9ot8dc,"I hope they make Norfolk Southern hurt. This needs to be enough that they will no longer be able to play the ""cost of going around a town"" vs ""cleanup if there is a wreck"" game. Force the executives to lose money. Make the stock tank. Make them understand that you can't play games with the lives of people who live near railroads. An example needs to be made. We need to make all companies who can affect the safety and health of people to know that they can't afford to fuck up.",news,2023-02-23 14:47:30,3
269,119w3bs,j9otitz,"So a shell-less turtle in charge of a train company, has slow coming answers and an even slower response to a problem with rabbit like speed? And no one sees his strategy? ðŸ¤”",news,2023-02-23 14:49:39,3
270,119w3bs,j9p4uit,While their gov winks & takes a campaign contribution check from the same exec.,news,2023-02-23 16:05:04,3
271,119w3bs,j9p5zrr,"Has anyone edited a map that shows where all across America this particular Railroad cuts through?

I think it might be an effective tool to show people. This crash could have happened anywhere and this could have easily been your town.

Highlight the Railroad and show the possibly effected area across the nation.",news,2023-02-23 16:12:26,3
272,119w3bs,j9p70vg,Did anyone bring an axe handle?,news,2023-02-23 16:19:03,3
273,119w3bs,j9p7gt0,That Ohio resident needs to be a journalist.,news,2023-02-23 16:21:49,3
274,119w3bs,j9p814k,Norfolk Southern should be bankrupted into oblivion after paying out for the displacement of the citizens and the pollution of the entire river system. And then rail lines should be nationalized to prevent this garbage from ever happening again.,news,2023-02-23 16:25:22,3
275,119w3bs,j9peubk,"A lot of people here calling politicians cheap and easy to buy. They're generally not, it's worse than that. They actually believe this stuff. The deregulation idea is so ingrained that GOP leaders (and a small number of democrats) actually believe it.",news,2023-02-23 17:07:28,3
276,119w3bs,j9pmkfz,Then stop fucking wasting your vote on bullshit reasons.,news,2023-02-23 17:54:56,3
277,119w3bs,j9pn3ip,The CEO needs to pick his last wall to stare at.,news,2023-02-23 17:58:09,3
278,119w3bs,j9pqg8e,Ya know what we really are just fucking dumb here in the US. We really do elect people who just sell our lives away to corporations. Corporations are far too entrenched in the government.,news,2023-02-23 18:18:46,3
279,119w3bs,j9ps2wn,I thought Republicans wanted unrestrained capitalism!,news,2023-02-23 18:28:36,3
280,119w3bs,j9pwy9l,Why are they still angry? Didn't Trump bring them free MAGA hats AND beans?!?,news,2023-02-23 18:58:45,3
281,119w3bs,j9pyxas,Fuck this country. Fuck it all. Itâ€™s corrupt and they clearly donâ€™t fucking care about us.,news,2023-02-23 19:11:07,3
282,119w3bs,j9pzzud,"Maybe dont vote for usless idiots that let companies do what they want and back regulitory athorities like epa to keep those cronies in check. Not to mention voting for people who are compitant at their job unlike the last president who rolled back regulations and attempted to gut everything 

Hint guess which party was involved... they aint blue but ruski red.",news,2023-02-23 19:17:49,3
283,119w3bs,j9q0o0y,Are these the same Ohioans who keep voting for conservatives that want to deregulate everything?,news,2023-02-23 19:22:02,3
284,119w3bs,j9q2r06,Start eating the rich. People need to stop being complacent and go rip these fuckers out of their home and parade them in the streets of east Palestine asshole naked exposing them to the toxic chemicals they dumped on the people,news,2023-02-23 19:35:01,3
285,119w3bs,j9q83v7,"calling these types of things a ""town hall"" is such a farce.",news,2023-02-23 20:08:26,3
286,119w3bs,j9qbhso,"Dewine did not sell you out for 10,000 dollars.

He sold you out for a consulting job when he is done with politics.",news,2023-02-23 20:29:05,1
287,119w3bs,j9qc3do,Reminder that train companies own BOTH the trains AND the rails. This is 1000% a private company failure through and through.,news,2023-02-23 20:32:52,1
288,119w3bs,j9pbuo2,"Everyone here is so eager to talk about how evil corporations and lobbyists are entirely to blame for this. News flash, corporations will only adhere to the safety regulations they are forced to, otherwise they won't remain competitive against the others who don't

The Obama administration had regulations in place that would have prevented this, and the Trump administration got rid of them. That crook ran on a platform of government regulations are bad and there's too much of it, he himself is notorious for being a business man that skirts regulations. He didn't need lobbyists to coerce him into getting rid of those regulations, he supported it on principle, and we all knew this, everyone who went to the polls knew who he was and what he stood for. Everyone who voted for that bastard or didn't turn out to vote shares blame here",news,2023-02-23 16:49:05,11
289,119dg8w,j9lmyg4,"East Palestine has a population of 4718, so $1378 per person. Not near enough.",news,2023-02-22 21:32:51,1110
290,119dg8w,j9lp88x,"I keep saying nationalize rail, but for perspective;

Freight rail is Federally protected, with federal grants and subsidies supporting it, a federally supported and run retirement program for employees, and federally advanced by improvements at port authoritiesâ€™ facilities, which are, and you guessed it, public agencies. On top of this, the employees canâ€™t strike or take sick days by edict of a federal employee, and they are a federally recognized asset critical to the operation of our nation. The giant messes made by their screw-ups cost tens of millions response from federal responders.

BUT - all the profits are private even though they could fund public transit on the same federally protected rails beyond anyoneâ€™s wildest dreams.",news,2023-02-22 21:46:56,2480
291,119dg8w,j9mqwew,The CEOs house cost more than 6 million.,news,2023-02-23 02:07:59,280
292,119dg8w,j9ls82m,The difference between 7.5 billion and 6.5 million is almost exactly 7.5 billion.,news,2023-02-22 22:05:31,628
293,119dg8w,j9lyt33,Jail the top executives. That's the only way massive disasters like these will stop.,news,2023-02-22 22:48:07,333
294,119dg8w,j9lvvl9,That better be 6.5 million PER family.,news,2023-02-22 22:28:51,83
295,119dg8w,j9m4zmz,"Once again, and I can't iterate this enough. And listen to one fact today to think about. Corporate America's only obligation is strictly fiduciary. Their obligation is to maximize profits for their shareholders..nothing else. That is their primary goal. And it's is on the back of the worker and general population. They have zero human interest. As long as they are making money, you are a dollar amount. 

Above all, they will do all they can to protect that profit margin. At all costs.",news,2023-02-22 23:29:08,64
296,119dg8w,j9lkm3t,"Those poor shareholdersâ€¦this disaster might dip into their profits a bit.  

Seriously though, this is pretty fucked up.",news,2023-02-22 21:18:30,214
297,119dg8w,j9lut4b,"ARREST THE EXECUTIVES. Fines are not a punishment for the rich. 

If corporations are people, why don't the people in charge have actual punishments for breaking the laws?",news,2023-02-22 22:21:59,112
298,119dg8w,j9lzyno,The greed in this country is unbearable,news,2023-02-22 22:55:39,27
299,119dg8w,j9m8znt,"I wish we could visualize 6.5 million vs. 7.5 BILLION. It would probably make the 6.5 million look so tiny, like the earth vs. the sun.",news,2023-02-22 23:58:23,26
300,119dg8w,j9n29zn,"In perspective. A man named Corporation gives $7,000 to his friends and gives you $6 and fifty cents for making your city a toxic ground for sickness and death indefinitely.",news,2023-02-23 03:34:33,8
301,119dg8w,j9ne40s,"Remember, the difference between a million and a billion is about one billion.",news,2023-02-23 05:18:55,9
302,119dg8w,j9ln18o,"Doesn't the city have a pop of 5k? Is it only $1300/person (I'm sure it isn't exactly like that, but for the sake of argument)?",news,2023-02-22 21:33:20,35
303,119dg8w,j9lxsbe,Everyone gets a PS5 they can enjoy before they die from cancer.,news,2023-02-22 22:41:22,6
304,119dg8w,j9m1n9q,For the love of God make stock buybacks illegal like they were before Reagan. They are a blight and completely warp how Companies function.,news,2023-02-22 23:06:46,156
305,119dg8w,j9lryco,The bigwigs will get a hefty bonus this year. Likely more than $6.5 million.,news,2023-02-22 22:03:46,27
306,119dg8w,j9lowdb,I live very close to there and there have been lawyers there since just after the accident who will be filing class action lawsuits against Norfolk Southern. Theyâ€™re going to end up paying *far* more than that in the long run hopefully.,news,2023-02-22 21:44:52,55
307,119dg8w,j9luiik,The fine is a margin of error for them.,news,2023-02-22 22:20:06,3
308,119dg8w,j9n3bsl,6.5 million per person right!?!,news,2023-02-23 03:42:52,4
309,119dg8w,j9nm24v,Time to nationalize rail. Itâ€™s been time.,news,2023-02-23 06:45:18,5
310,119dg8w,j9nudj4,I fucking hate corporate America.,news,2023-02-23 08:31:04,3
311,119dg8w,j9nvr6t,"Money really is the real god of america, sad.",news,2023-02-23 08:50:13,3
312,119dg8w,j9odz6l,"I think it's hard to understand the scale of money we're talking when you just use the word ""billion."" 
They're giving 6.5 million to victims, and 7,500 million to share holders. Makes it easier to see the shear absurdity of it.",news,2023-02-23 12:42:17,3
313,119dg8w,j9or694,It's cheaper to give entire towns cancer than pay for breaks and bearings.,news,2023-02-23 14:31:08,5
314,119dg8w,j9mq353,[removed],news,2023-02-23 02:01:57,9
315,119dg8w,j9maovl,Fought safety rules because they are too costly but can afford 7.5 billion in stock buybacks. Yay unregulated capitalism !,news,2023-02-23 00:10:44,15
316,119dg8w,j9lquxq,"Shit like this will always happen until people that run these companies are held accountable. By that I mean heavy fines and, or prison time.",news,2023-02-22 21:56:57,14
317,119dg8w,j9lys3o,"They should have bought stock instead of getting in front of a toxic train! Duhh...

/s",news,2023-02-22 22:47:56,3
318,119dg8w,j9n3cxd,"I mean, they can't very well sacrifice the 401ks of innocent investors . . . can they? /s",news,2023-02-23 03:43:07,3
319,119dg8w,j9nhnm2,That number needs at least 2 zeros behind itâ€¦this is like a fart in the wind compared to the damage theyâ€™ve done and will do if not made an example of,news,2023-02-23 05:55:28,3
320,119dg8w,j9nnvy7,Time to loot the company before the billions in fines and compensation come due,news,2023-02-23 07:07:10,3
321,119dg8w,j9o9ak6,Iâ€™m willing to bet Norfolk will spend much more than $6.5 million on the PR Campaign to cleanup their image. Itâ€™s the only cleanup they really care about.,news,2023-02-23 11:52:59,3
322,119dg8w,j9p2igj,"Capitalism will be the end of us.

There's only so many resources, and we shouldn't be putting profits ahead of people or society.",news,2023-02-23 15:50:12,3
323,119dg8w,j9p476a,Shareholders should be sued for damages too then. Fuck your blood money.,news,2023-02-23 16:00:50,3
324,119dg8w,j9loddj,40% margins? Cry me a River,news,2023-02-22 21:41:34,10
325,119dg8w,j9lvp8w,"Town of 4,718 all getting 6.5m each should do a lot to prevent this in the future... Oh all of them sharing the 6.5m? Well after the lawyers take their cut they should really be happy to split a few hundred amongst themselves.",news,2023-02-22 22:27:44,4
326,119dg8w,j9lyf63,"How can the average person hurt Norfolk Southern, legally?  Is there a way?  The floor is open.",news,2023-02-22 22:45:34,3
327,119dg8w,j9o9ilz,"Courts need to stop fining corporations. They need to start shelling out fines as percentages of the corporations PROFITS. When the stockholders start losing money, corporations will start paying more attention to rules and regulations.",news,2023-02-23 11:55:29,5
328,119dg8w,j9my1ct,the fines should be painful not a minor technicality,news,2023-02-23 03:01:19,2
329,119dg8w,j9nigqo,That won't cover one families hospital bills in the long run.,news,2023-02-23 06:04:23,2
330,119dg8w,j9nisc4,"Cost of doing business I guess. Fuckin Capitalism is grand 

s/",news,2023-02-23 06:07:52,2
331,119dg8w,j9o8gjf,I feel no compassion for Norfolk and Southern. My brother worked for Norfolk and Southern. They treat their employees like s*** And apparently they treat the people whose communities they've utterly destroyed through their own malfeasance like s*** too. The amount they're paying is literally pocket change to them. They're real fear is that the shareholders are not going to like how much money they lost because of this and oust the leadership.,news,2023-02-23 11:43:24,2
332,119dg8w,j9ogs3o,"$6.5 mil divide by 1888 households in East Palestine alone is about $3,443 per household. They trying to get off easy by dictating the settlement payout with a fast march before lawsuits. This doesn't even account for the people down wind and outside East Palestine that will probably have a share.",news,2023-02-23 13:08:19,2
333,119dg8w,j9ost0b,I think we need to switch these 2 numbers around,news,2023-02-23 14:44:17,2
334,119dg8w,j9p7zn4,"And they will declare bankruptcy in three, two , oneâ€¦",news,2023-02-23 16:25:07,2
335,119dg8w,j9n3ew6,Cheaper to payout victims than upgrade and maintain equipment and pay for the people to maintain it.,news,2023-02-23 03:43:34,5
336,119dg8w,j9mugy6,One thing has nothing to do with the other,news,2023-02-23 02:34:36,6
337,119dg8w,j9lqzgw,Here's some money to buy water. Good luck with that cancer and renal failure.,news,2023-02-22 21:57:42,6
338,119dg8w,j9ln8uz,The has to be a good lawyer who can get them a LOT more than that.,news,2023-02-22 21:34:40,4
339,119dg8w,j9nb356,"*Yes, to the delight of the Republicans. Maybe the state of Ohio, that was once was a great Union state, will now wake up and stop listen to right wing Republicans.*",news,2023-02-23 04:49:57,2
340,119dg8w,j9npks2,"Sound like they need to be nationalized.

For those that invested in it and lost money that is tough titties. You put money in a failed business. Investment is supposed to have some risk.",news,2023-02-23 07:28:15,4
341,119dg8w,j9narj7,"""The FRA estimated those better brakes would cost the entire industry $493 million, spread over a period of 20 years.""

Hmmmm.  $24.65 million per year for new brakes against a $7.5 billion single year stock buyback.  Yeah, I guess they're right -- it's just too damn expensive./s",news,2023-02-23 04:46:57,4
342,119dg8w,j9lwihk,Give that $7.5 billion to the victims. The company can find another way to pay their bills.,news,2023-02-22 22:33:00,4
343,119dg8w,j9n1g7j,"Nobody on the inside fucking cares, at all. End of story. This is the economics we created in the US. They don't have to care. It's not about the visible stuff. It is always about the skim.",news,2023-02-23 03:27:52,2
344,119dg8w,j9n9ht9,"Told my wife 3 days ago. That Norfolk would face some charge of such a petty amount it'd look like a joke, like someone being fined a penny for murder when they have $1000",news,2023-02-23 04:35:26,2
345,119dg8w,j9ls40v,Reverse those numbers.,news,2023-02-22 22:04:46,0
346,119dg8w,j9mo34z,"True, yet they did also ask shareholders to â€˜pass the hatâ€™ for the townsfolk.",news,2023-02-23 01:47:12,2
347,119dg8w,j9nev3t,All of their assets should be frozen until they clean up East Palestine and the rivers. Theyâ€™re barely gonna lose anything from this disaster.,news,2023-02-23 05:26:30,2
348,119dg8w,j9luqyy,The amount should be reversed.  Shareholder get $6.5 million and victims receive $7.5 billion.,news,2023-02-22 22:21:36,-1
349,119dg8w,j9mxea5,why is America so behind on the train system when the majority of developed countries are on bullet trains,news,2023-02-23 02:56:24,0
350,119dg8w,j9mmh4a,This is just the beginning.  The lawsuits will be in the billions.  Deepwater Horizon was like $60 Billion.  The Erin Brockovich case was $333 million.  This will be somewhere in between.,news,2023-02-23 01:35:32,1
351,119dg8w,j9mv2w9,"Thatâ€™s how much they have left available under their repo plan, not how much theyâ€™ll do. It was also authorized before the crash",news,2023-02-23 02:39:09,1
352,119dg8w,j9mzo86,"Why havenâ€™t we dragged everyone, and I mean [EVERYONE](https://giphy.com/explore/everyone), executives & politicians both, down to the accident site to clean that crap up themselves?

And since they think all that stuff is so safe to transport as is, they wonâ€™t even need hazmat suits.",news,2023-02-23 03:13:54,1
353,119dg8w,j9n4qiz,How much is that in sick days.,news,2023-02-23 03:54:21,1
354,119dg8w,j9n60pl,"NS does pay a dividend do there's that.

This is only a matter for the short term.  Long term the company will be fine.",news,2023-02-23 04:05:03,1
355,119dg8w,j9nguty,Those profits ought to be put on hold until people in Ohio get unfucked.,news,2023-02-23 05:46:58,1
356,119dg8w,j9nt0yi,"Hear me out, fines should be a % of company revenue.

And to all the temporarily embarrassed ~~human shitbags~~ billionaires, that are worried about all the companies that might bankrupt.  Good, that's the point, because they'll simple be replaced by companies that play by the rules.  

Like if Kroger and Walmart were bankrupted for their wage theft, you think more store like Costco wouldn't pop up in their place?",news,2023-02-23 08:12:41,1
357,119dg8w,j9ocu3u,"Shit like this HAS TO CHANGE or shit like this WILL KEEP HAPPENING.

What is the actual real cost for this gonna be? Likely hundreds of millions of not a billion or so dollars. Where is the actual fine that reflects this? Who is in charge of this mess?

We can't keep letting this stuff happen or we will have no safe water to drink anymore. It's already pretty much like that since Trump defended the EPA.",news,2023-02-23 12:31:11,1
358,119dg8w,j9ofqui,Shareholders are not liable. This is a way for the executives to cash out and funnel money out of the business ASAP before the lawsuits start piling up. By the time assets get frozen by the court there won't be anything left to pay creditors.,news,2023-02-23 12:58:43,1
359,119dg8w,j9ohf25,"It's ridiculous. 

I was watching the CNN Town Hall yesterday. They put on people from East Palestine and they had the chance to ask the Norfolk CEO about their community. Suffice it to say the people were not pleased. One of them, a man in his 60's, railed against Norfolk and said ""their company sucks"". He wanted to know how a train could have 2 trainees? driving it, and the CEO kept deflecting by saying he couldn't comment on an existing investigation. Those weren't the answers the community wanted to hear. They wanted to know why a few days after the accident, trains were running again on the tracks. 

It was very difficult to keep a dry eye throughout the special. The man in his 60's said his land value went way down because of the accident. He worked his ass off, for so long, preparing to retire, and then his land value dipped, he wanted to know if Norfolk would compensate him or the community for that. I felt so much sympathy for what those people are going through, especially when many of them complained that they went to the doctor with chronic nosebleeds and the doctor said ""We don't know what's going on. We can't do anything about this."" 

Norfolk should be doing everything they can to clean this shit up, and the EPA pretty much mandated it on the show yesterday.",news,2023-02-23 13:14:15,1
360,119dg8w,j9ms682,Oh no capitalism is working as intended?,news,2023-02-23 02:17:30,0
361,119dg8w,j9obt09,"Ohio voted Red,,got regulations that red wanted.   

Kermit face..",news,2023-02-23 12:20:37,0
362,119dg8w,j9o5htt,"Who are the Shareholders?

What are their names?

Who the hell is profiting off taking the water and making hundreds of thousands of families drink this cancer shit?

And donâ€™t any of you dare buy produce out of these effected areas because you know these evil sobâ€™s will try to sell it to us and say itâ€™s safe.",news,2023-02-23 11:07:03,-1
363,119dg8w,j9mt4lo,"$6.5 million each, or $6.5 million total?",news,2023-02-23 02:24:35,1
364,119dg8w,j9mwubc,Well so long as they have their priorities straight.,news,2023-02-23 02:52:14,1
365,119dg8w,j9mxvmx,Gotta pay the shareholders before the company gets sued and the stock price plummets. I'd wager the trade volume goes nuts after that dividend.,news,2023-02-23 03:00:05,1
366,119dg8w,j9mywwo,"They should be made to pay every resident no less than the sum of their last ""contributions"" to all Ohio legislators",news,2023-02-23 03:08:02,1
367,119dg8w,j9mzys4,[removed],news,2023-02-23 03:16:12,1
368,119dg8w,j9nn1zl,"Damn, and so few happen to be BOTHâ€¦ maybe be cuz? poor? I can has chezburgerr?",news,2023-02-23 06:57:04,1
369,119dg8w,j9npsk9,To be fair they have 1000 derailments a year. So $6b in payments over a year,news,2023-02-23 07:30:58,1
370,119dg8w,j9nrrih,"Remember when they wouldnâ€™t let the rail workers strike? And the real workers warned that the trains were understaffed, and it would be dangerous?",news,2023-02-23 07:55:57,1
371,119dg8w,j9ntv5t,What about wildlife rescue?,news,2023-02-23 08:23:59,1
372,119dg8w,j9o2llc,"If they believed in a future, they would reserve that as a buffer. I guess they just want to cash out and possibly take the fall if they can't avoid it",news,2023-02-23 10:28:00,1
373,119dg8w,j9o47ih,Cleaning out the bank account. When the top brass get huge bonuses bankruptcy is next.,news,2023-02-23 10:50:04,1
374,119dg8w,j9o5njx,Hopefully this didnt come as a surprise to anyone.,news,2023-02-23 11:09:03,1
375,119dg8w,j9o6ilp,I manage a small fund and had the pleasure of selling off around $5M of NSC from our clients' portfolios a couple days ago because of this fiasco. It felt good seeing it pull down the stock for a couple of minutes. It's sad that's all it did,news,2023-02-23 11:20:00,1
376,119dg8w,j9o7nz2,Its also planning to shell out 1.5 billion for a railroad owned by Cincinnati Ohio. (Fairly unique that an interstate railroad is owned by a city IMO),news,2023-02-23 11:34:05,1
377,119dg8w,j9ohe8w,That's less than a percent of their net income in 2022.  (3.268 billion),news,2023-02-23 13:14:03,1
378,119dg8w,j9p17kw,"So really they need to be pinged for about 500 million to make the sensible option of getting the fudge out of there available. This seems fair and if it was this expensive to fuck up, I bet it doesnâ€™t happen as often.",news,2023-02-23 15:41:41,1
379,119dg8w,j9pbfew,"Unless you're made of money, nobody cares about you. And even then, they only want you for your money.",news,2023-02-23 16:46:30,1
380,119dg8w,j9pbfo1,"They are planning to spend $6.4 million to people and the government?   I wonder how much of it will go to the people.    How do they know how much the government will fine them?   The RR initially offered the people $1K.    The RR should be banned from making political contributions and lobbying for the next 20 years.    They have too much power and influence over both parties.     We should not accept 1,000 derailments per year.   The environment does matter.   The people matter.",news,2023-02-23 16:46:33,1
381,119dg8w,j9pivxi,I continue to find myself wishing that the railworkers had gone on strike.,news,2023-02-23 17:32:15,1
382,119dg8w,j9pj4ns,The $6.5 billion can be written off in their taxes.  Itâ€™s a justifiable operating expense.  I donâ€™t believe Donald Trump remembers eliminating critical safety standards.  He only remembers his achievements.,news,2023-02-23 17:33:45,1
383,119dg8w,j9pkbqw,"Remember that this negative externality is going to be passed onto us (the consumer) through higher shipping cost and Norfolk Southern wonâ€™t loose a dime or learn a lesson. 

The only true recourse is through government intervention 

The resource conservation and recovery act was only established in 1976.

If it wasnâ€™t for government intervention we wouldnâ€™t have clean air, drinking water, and the  Cuyahoga river would still be on fire.

Corporations only care about revenue (which they should) and pay attention to which politicians are funded by these cunts.",news,2023-02-23 17:41:10,1
384,119dg8w,j9pqcel,"Less than 1% of what shareholders are getting and an iota of profits. Corporations committing atrocities need to be paying tens of billions at least, not some incomprehensibly small percentage of their overall profits. These tiny fines and payouts are so small they probably don't even include them on their cost/benefit analysis reports and will not discourage them from harming or even killing people with reckless disregard.",news,2023-02-23 18:18:07,1
385,119dg8w,j9psixc,"To within a tenth of a percent, the difference between $7.5 billion and $6.5 million is $7.5 billion.",news,2023-02-23 18:31:20,1
386,119dg8w,j9q6qpq,That is what their job is. Shareholders are number one â€¦ after the c-suite gets their cut. Duh.,news,2023-02-23 19:59:53,1
387,119dg8w,j9qamfx,1mm per resident would be the bare minimum for them to at least relocate somewhere else until they can get an additional settlement for their unsellable property. They took a lot of risk now its time to eat the loss,news,2023-02-23 20:23:45,1
388,119dg8w,j9qc7rg,"This is the American economic system at work. It's what the people want, what the victims themselves would vote for and die to defend.",news,2023-02-23 20:33:38,1
389,119dg8w,j9min0d,Shareholders likely have better lawyers to get their money.,news,2023-02-23 01:07:25,-2
390,119dg8w,j9mzuqo,Bill Gates can afford it.,news,2023-02-23 03:15:19,-2
391,119dg8w,j9ncoqt,Yea well environment canada is coming for some of that,news,2023-02-23 05:04:58,-2
